{"Q ": [0.39323935026434326, 0.6067606497356567], "J x": [0.7501040731138405, 0.24989592688615936], "QQ xxd": [0.08190796001367502, 0.9180920399863249], "JQ xxdx": [0.8567569583867094, 0.1432430416132905], "QQ xxdxb": [0.0003847935221657716, 0.12524049595135356, 0.8743747105264806], "JQ xxdxbr": [0.9999137054429188, 8.629455708120038e-05], "JQ xxdb": [0.895515673145287, 0.0004534308627058162, 0.10403089599200724], "QQ xxdbr": [5.149426918167922e-05, 0.9999485057308183], "Q xb": [0.3039379088846525, 0.5044972950296654, 0.19156479608568192], "QQ xbcd": [0.020666224130917326, 0.9793337758690828], "JQ xbcdx": [0.38624482506508484, 0.6137551749349152], "QQ xbcdxb": [0.000989068125872953, 0.000989068125872953, 0.9980218637482541], "JQ xbcdxbr": [0.9856542541754554, 0.014345745824544521], "JQ xbcdb": [0.9938869894931294, 0.0025298013495757238, 0.0035832091572948286], "QQ xbcdbr": [3.130746238977249e-05, 0.9999686925376101], "J xbr": [0.014604342071981627, 0.9853956579280184], "QQ xbrcd": [0.27626162251128505, 0.7237383774887151], "JQ xbrcdx": [0.9999618015810867, 3.8198418913337236e-05], "QQ xbrcdxb": [0.00019899354357791536, 0.00019899354357791536, 0.9996020129128442], "JQ xbrcdxbr": [0.5, 0.5], "JQ xbrcdb": [0.8822860731763852, 0.004342021175523464, 0.11337190564809141], "QQ xbrcdbr": [0.00011393815968871053, 0.9998860618403113], "J b": [0.8700358577202273, 0.08225647125541831, 0.04770767102435432], "QQ bcd": [0.4195135214588294, 0.5804864785411706], "JQ bcdx": [0.7014343415240875, 0.29856565847591254], "QQ bcdxb": [4.937703636655338e-05, 4.937703636655338e-05, 0.9999012459272668], "JQ bcdxbr": [0.9997506186070078, 0.00024938139299230327], "JQ bcdb": [0.811394764864584, 0.0007357988973260946, 0.18786943623809002], "QQ bcdbr": [5.352665868477506e-05, 0.9999464733413153], "Q br": [1.2364555486981481e-05, 0.999987635444513], "QQ brcd": [0.011102756507032265, 0.9888972434929677], "JQ brcdx": [0.9871424886794813, 0.012857511320518756], "QQ brcdxb": [0.0009329044423860354, 0.0009329044423860354, 0.9981341911152278], "JQ brcdxbr": [0.9900617523068926, 0.009938247693107308], "JQ brcdb": [0.8447706780677207, 0.00017037484296032897, 0.15505894708931914], "QQ brcdbr": [1.571115341300047e-05, 0.999984288846587], "K ": [0.2257903805135132, 0.7742096194864869], "KK xxd": [0.03771296540620629, 0.9622870345937937], "JK xxdx": [0.9811670396016458, 0.01883296039835414], "KK xxdxb": [0.0014569164552432714, 0.0014569164552432714, 0.9970861670895135], "JK xxdxbr": [0.9986782046300339, 0.0013217953699661777], "JK xxdb": [0.9984111959128977, 4.8645925870438646e-05, 0.001540158161231686], "KK xxdbr": [8.564696067974523e-05, 0.9999143530393203], "K xb": [6.613437225753781e-05, 0.13944615467009905, 0.8604877109576434], "KK xbcd": [0.8963272064355681, 0.10367279356443189], "JK xbcdx": [0.8050911086128196, 0.19490889138718048], "KK xbcdxb": [0.00044156531443135833, 0.00044156531443135833, 0.9991168693711373], "JK xbcdxbr": [1.0, 0.0], "JK xbcdb": [0.8409625374922667, 0.008818691127990847, 0.15021877137974235], "KK xbcdbr": [0.005726483165958926, 0.9942735168340411], "KK xbrcd": [0.045417267766871425, 0.9545827322331286], "JK xbrcdx": [0.4161121957077743, 0.5838878042922256], "KK xbrcdxb": [0.0014053308246659265, 0.0014053308246659265, 0.9971893383506681], "JK xbrcdxbr": [1.0, 0.0], "JK xbrcdb": [0.7541638089666775, 0.0, 0.2458361910333226], "KK xbrcdbr": [0.00010029453321805364, 0.999899705466782], "KK bcd": [0.014244148560710669, 0.9857558514392892], "JK bcdx": [0.9943768141940256, 0.005623185805974449], "KK bcdxb": [0.001123270733165607, 0.014066034513933661, 0.9848106947529006], "JK bcdxbr": [1.0, 0.0], "JK bcdb": [0.8614350268370548, 0.0, 0.13856497316294536], "KK bcdbr": [2.434685298659074e-05, 0.9999756531470134], "K br": [9.643709339956367e-06, 0.99999035629066], "KK brcd": [0.8579351661341196, 0.14206483386588048], "JK brcdx": [0.000528074422344377, 0.9994719255776556], "KK brcdxb": [9.325182058601421e-06, 0.0006329885379549873, 0.9993576862799863], "JK brcdxbr": [0.999735823283861, 0.0002641767161389604], "JK brcdb": [0.6571995878855441, 0.0003520496148962502, 0.34244836249955973], "KK brcdbr": [8.447271644540212e-05, 0.9999155272835546], "K x": [0.00046438755430425286, 0.9995356124456957], "KQ xxdx": [0.41262944559060855, 0.5873705544093916], "KQ xxdxbr": [0.14875988910996776, 0.8512401108900323], "KQ xxdb": [0.7210244899428401, 0.18429486906224427, 0.09468064099491556], "KQ xbcdx": [0.972231928622533, 0.02776807137746695], "KQ xbcdxbr": [0.3666652077617384, 0.6333347922382615], "KQ xbcdb": [0.25845651408199183, 0.740616425433342, 0.0009270604846661239], "K xbr": [7.551588141287245e-06, 0.9999924484118587], "KQ xbrcdx": [0.46289797353959933, 0.5371020264604007], "KQ xbrcdxbr": [0.26497450195452216, 0.7350254980454778], "KQ xbrcdb": [0.2293383909298603, 0.6885649211569038, 0.08209668791323593], "K b": [2.0128216740637927e-05, 0.16441084166357017, 0.8355690301196892], "KQ bcdx": [0.618467573554975, 0.38153242644502505], "KQ bcdxbr": [0.42689084322788234, 0.5731091567721177], "KQ bcdb": [0.37533256499416023, 0.6231050044633373, 0.0015624305425024987], "KQ brcdx": [0.8126844882016161, 0.1873155117983839], "KQ brcdxbr": [0.00013193811531930525, 0.9998680618846807], "KQ brcdb": [0.0823003013479688, 0.9027338378365705, 0.014965860815460703], "QK xxd": [0.9386269542091731, 0.061373045790826856], "QK xxdxb": [1.0208972262027045e-05, 0.6013670711674263, 0.3986227198603118], "QK xxdbr": [0.00023420093665967184, 0.9997657990633404], "QK xbcd": [0.9944372789042186, 0.005562721095781452], "QK xbcdxb": [0.19283207344466358, 0.8044276596660066, 0.002740266889329811], "QK xbcdbr": [0.8763773605916324, 0.12362263940836765], "QK xbrcd": [0.2571802030405592, 0.7428197969594408], "QK xbrcdxb": [0.2491808808603961, 0.6577046778263131, 0.09311444131329069], "QK xbrcdbr": [0.630006160908569, 0.36999383909143096], "QK bcd": [0.24288080262499642, 0.7571191973750035], "QK bcdxb": [0.08270151000519371, 0.7321571729974032, 0.18514131699740302], "QK bcdbr": [0.4975831136819063, 0.5024168863180937], "QK brcd": [0.9919398214249809, 0.008060178575019165], "QK brcdxb": [0.6867578030476013, 0.3117793551161965, 0.0014628418362022614], "QK brcdbr": [0.9742454526524533, 0.025754547347546664], "Q x": [0.2884908561410685, 0.7115091438589315], "QK xxdx": [0.9512067073196941, 0.048793292680305876], "QK xxdxbr": [0.003298363936075143, 0.9967016360639248], "QK xxdb": [0.14747728434033416, 0.8510964939450313, 0.0014262217146346263], "QK xbcdx": [0.30984724919707535, 0.6901527508029246], "QK xbcdxbr": [0.6115614826698674, 0.3884385173301325], "QK xbcdb": [0.13176841523096872, 0.7908734546609255, 0.07735813010810569], "Q xbr": [7.302329421726208e-05, 0.9999269767057827], "QK xbrcdx": [0.9256234306387852, 0.07437656936121484], "QK xbrcdxbr": [0.6734960112208748, 0.32650398877912523], "QK xbrcdb": [0.6174598713269799, 0.38099753021544513, 0.0015425984575749116], "Q b": [0.4607159161914769, 0.28846524132513557, 0.2508188424833875], "QK bcdx": [0.6426010070527611, 0.3573989929472388], "QK bcdxbr": [0.4711727317844355, 0.5288272682155645], "QK bcdb": [0.2129403361625295, 0.7825048490439948, 0.00455481479347574], "QK brcdx": [0.4912014146283454, 0.5087985853716547], "QK brcdxbr": [0.7324803191593086, 0.2675196808406914], "QK brcdb": [0.3564755598414497, 0.6434582726937151, 6.616746483510986e-05], "QJ xxd": [0.9985101450633153, 0.0014898549366846726], "KJ xxdx": [0.6007363503032292, 0.3992636496967707], "QJ xxdxb": [0.9997696959240567, 3.4680480494848567e-06, 0.0002268360278937184], "KJ xxdxbr": [0.1462170730443733, 0.8537829269556267], "KJ xxdb": [0.4185652845940942, 0.19459720743891934, 0.3868375079669865], "QJ xxdbr": [1.0, 0.0], "QJ xbcd": [0.9882605005967559, 0.011739499403244012], "KJ xbcdx": [0.5441657821637772, 0.45583421783622274], "QJ xbcdxb": [0.8488498938010945, 0.0004974493779078062, 0.15065265682099774], "KJ xbcdxbr": [0.0, 1.0], "KJ xbcdb": [0.004610088519094925, 0.9148228818258871, 0.080567029655018],